date,ticker,prsn,frgn,orgn
20260423,0000D0,11000000.0,-33000000.0,22000000.0
20260423,0000H0,-74000000.0,0.0,74000000.0
20260423,0000J0,-387000000.0,-184000000.0,574000000.0
20260423,0000Y0,0.0,0.0,0.0
20260423,0000Z0,796000000.0,-15000000.0,-804000000.0
20260423,0001P0,-10000000.0,0.0,10000000.0
20260423,0002C0,-4000000.0,0.0,6000000.0
20260423,0004G0,57000000.0,1000000.0,-57000000.0
20260423,0005A0,924000000.0,11000000.0,-1017000000.0
20260423,0005C0,-3000000.0,0.0,3000000.0
20260423,0005D0,4269000000.0,-21000000.0,-4567000000.0
20260423,0005G0,657000000.0,4000000.0,-685000000.0
20260423,0007F0,56000000.0,0.0,-56000000.0
20260423,0007G0,-118000000.0,-2000000.0,120000000.0
20260423,0007N0,-15000000.0,0.0,15000000.0
20260423,0008E0,4000000.0,0.0,-4000000.0
20260423,0008S0,-152000000.0,10000000.0,128000000.0
20260423,0008T0,-28000000.0,200000000.0,-179000000.0
20260423,0013P0,14000000.0,0.0,-14000000.0
20260423,0013R0,-10000000.0,-13000000.0,24000000.0
20260423,0015B0,3640000000.0,-2000000.0,-3825000000.0
20260423,0015E0,21000000.0,0.0,-21000000.0
20260423,0015F0,-22000000.0,0.0,22000000.0
20260423,0015K0,3000000.0,0.0,-3000000.0
20260423,0016X0,-11000000.0,0.0,11000000.0
20260423,0017Y0,22000000.0,0.0,-21000000.0
20260423,0018C0,-781000000.0,918000000.0,-133000000.0
20260423,0018Z0,-3000000.0,0.0,4000000.0
20260423,0019K0,244000000.0,-16000000.0,-228000000.0
20260423,0020H0,200000000.0,-6000000.0,-186000000.0
20260423,0021C0,41000000.0,0.0,-31000000.0
20260423,0021D0,6000000.0,0.0,-7000000.0
20260423,0021E0,25000000.0,0.0,-26000000.0
20260423,0022T0,179000000.0,16000000.0,-246000000.0
20260423,0023A0,-2204000000.0,1676000000.0,618000000.0
20260423,0023B0,-165000000.0,-3000000.0,161000000.0
20260423,0025N0,59000000.0,1000000.0,-60000000.0
20260423,0026E0,-35000000.0,0.0,35000000.0
20260423,0026S0,213000000.0,1000000.0,-214000000.0
20260423,0028X0,-1000000.0,0.0,1000000.0
20260423,0035T0,-159000000.0,3000000.0,52000000.0
20260423,0036D0,46000000.0,-15000000.0,-31000000.0
20260423,0036R0,-62000000.0,-16000000.0,81000000.0
20260423,0036Z0,-4000000.0,3000000.0,1000000.0
20260423,0038A0,-609000000.0,-2000000.0,611000000.0
20260423,0040S0,748000000.0,-1000000.0,-749000000.0
20260423,0040X0,-206000000.0,-29000000.0,239000000.0
20260423,0040Y0,1212000000.0,-71000000.0,-1149000000.0
20260423,0041D0,-156000000.0,9000000.0,145000000.0
20260423,0041E0,437000000.0,2000000.0,-440000000.0
20260423,0043B0,-868000000.0,-2000000.0,881000000.0
20260423,0043Y0,533000000.0,-9000000.0,-577000000.0
20260423,0046A0,-498000000.0,-54000000.0,569000000.0
20260423,0046Y0,47000000.0,-7000000.0,-33000000.0
20260423,0047A0,-1385000000.0,1205000000.0,146000000.0
20260423,0047N0,-14000000.0,0.0,14000000.0
20260423,0047P0,-108000000.0,-502000000.0,611000000.0
20260423,0047R0,-112000000.0,-622000000.0,734000000.0
20260423,0048J0,-826000000.0,-121000000.0,858000000.0
20260423,0048K0,985000000.0,-1385000000.0,426000000.0
20260423,0049K0,-1000000.0,2000000.0,-1000000.0
20260423,0049M0,82000000.0,-14000000.0,-70000000.0
20260423,0050E0,-31000000.0,0.0,31000000.0
20260423,0051A0,189000000.0,0.0,-189000000.0
20260423,0051G0,-1177000000.0,249000000.0,808000000.0
20260423,0052D0,-335000000.0,77000000.0,274000000.0
20260423,0052S0,60000000.0,-3000000.0,-56000000.0
20260423,0052T0,10000000.0,0.0,-10000000.0
20260423,0053L0,-400000000.0,-230000000.0,599000000.0
20260423,0053M0,-1844000000.0,0.0,1844000000.0
20260423,0057H0,12000000.0,-6000000.0,-6000000.0
20260423,0060H0,115000000.0,-14000000.0,-101000000.0
20260423,0061Z0,-5000000.0,0.0,5000000.0
20260423,0064K0,-270000000.0,372000000.0,-129000000.0
20260423,0065G0,89000000.0,25000000.0,-115000000.0
20260423,0066W0,-281000000.0,464000000.0,-185000000.0
20260423,0067V0,-26000000.0,52000000.0,17000000.0
20260423,0067Y0,16000000.0,-14000000.0,-2000000.0
20260423,0068M0,-2000000.0,0.0,2000000.0
20260423,0069M0,435000000.0,4000000.0,-448000000.0
20260423,0072R0,-1099000000.0,-72000000.0,1226000000.0
20260423,0073X0,-12000000.0,0.0,12000000.0
20260423,0074K0,1779000000.0,-83000000.0,-1957000000.0
20260423,0078V0,-3000000.0,0.0,3000000.0
20260423,0079X0,6000000.0,0.0,-6000000.0
20260423,0080G0,7580000000.0,-430000000.0,-7206000000.0
20260423,0080X0,-5000000.0,0.0,6000000.0
20260423,0080Y0,-2970000000.0,-433000000.0,3271000000.0
20260423,0082F0,-7000000.0,0.0,8000000.0
20260423,0082V0,-5000000.0,-25000000.0,30000000.0
20260423,0083S0,-191000000.0,0.0,191000000.0
20260423,0084D0,-9000000.0,0.0,9000000.0
20260423,0084E0,-1000000.0,0.0,1000000.0
20260423,0085N0,-16000000.0,53000000.0,-42000000.0
20260423,0085P0,-55000000.0,-34000000.0,88000000.0
20260423,0086B0,163000000.0,26000000.0,-95000000.0
20260423,0086C0,-8000000.0,0.0,8000000.0
20260423,0087F0,-44000000.0,0.0,44000000.0
20260423,0088N0,-126000000.0,-18000000.0,161000000.0
20260423,0089B0,1000000.0,0.0,-1000000.0
20260423,0089C0,-37000000.0,0.0,37000000.0
20260423,0089D0,464000000.0,-269000000.0,-465000000.0
20260423,0090B0,565000000.0,-307000000.0,-270000000.0
20260423,0091C0,88000000.0,46000000.0,-134000000.0
20260423,0091M0,0.0,0.0,0.0
20260423,0091P0,6286000000.0,3573000000.0,-10164000000.0
20260423,0092B0,-512000000.0,356000000.0,1457000000.0
20260423,0092C0,78000000.0,0.0,-78000000.0
20260423,0093A0,-715000000.0,156000000.0,560000000.0
20260423,0093B0,-10000000.0,0.0,10000000.0
20260423,0093D0,-12000000.0,1000000.0,13000000.0
20260423,0094K0,63000000.0,29000000.0,-92000000.0
20260423,0094L0,56000000.0,1000000.0,-57000000.0
20260423,0094M0,152000000.0,-139000000.0,-16000000.0
20260423,0094X0,-49000000.0,105000000.0,-57000000.0
20260423,0097L0,67000000.0,3000000.0,-71000000.0
20260423,0098F0,2123000000.0,576000000.0,-2678000000.0
20260423,0098N0,-58000000.0,7000000.0,38000000.0
20260423,0098Z0,-2000000.0,0.0,2000000.0
20260423,0099L0,16000000.0,-4000000.0,-12000000.0
20260423,0100K0,1930000000.0,-1054000000.0,-1060000000.0
20260423,0101N0,2545000000.0,-197000000.0,-2356000000.0
20260423,0102A0,-1295000000.0,208000000.0,1087000000.0
20260423,0102X0,-101000000.0,0.0,96000000.0
20260423,0103T0,-51000000.0,13000000.0,37000000.0
20260423,0104G0,790000000.0,-690000000.0,-97000000.0
20260423,0104H0,1000000.0,0.0,-1000000.0
20260423,0104N0,535000000.0,315000000.0,-850000000.0
20260423,0104P0,-31000000.0,28000000.0,3000000.0
20260423,0105D0,69000000.0,-3000000.0,-63000000.0
20260423,0105E0,-1040000000.0,-176000000.0,1246000000.0
20260423,0107F0,30000000.0,5000000.0,-38000000.0
20260423,0111J0,20000000.0,-265000000.0,235000000.0
20260423,0111P0,36000000.0,-4000000.0,-32000000.0
20260423,0112X0,17000000.0,-24000000.0,7000000.0
20260423,0113D0,-317000000.0,7000000.0,308000000.0
20260423,0113G0,-63000000.0,0.0,63000000.0
20260423,0113P0,-1000000.0,0.0,1000000.0
20260423,0114X0,-20000000.0,0.0,20000000.0
20260423,0115C0,51000000.0,0.0,-51000000.0
20260423,0115D0,3763000000.0,1381000000.0,-5073000000.0
20260423,0115E0,-57000000.0,19000000.0,26000000.0
20260423,0117L0,4000000.0,0.0,-4000000.0
20260423,0117V0,11331000000.0,-1085000000.0,-10330000000.0
20260423,0118S0,0.0,-2000000.0,2000000.0
20260423,0118Z0,-2028000000.0,261000000.0,1768000000.0
20260423,0119H0,26000000.0,-1000000.0,-25000000.0
20260423,0120J0,15000000.0,0.0,-15000000.0
20260423,0122W0,22000000.0,0.0,-22000000.0
20260423,0123G0,-3035000000.0,1378000000.0,1733000000.0
20260423,0123S0,15000000.0,0.0,-15000000.0
20260423,0127M0,-42000000.0,-22000000.0,64000000.0
20260423,0127P0,-23000000.0,0.0,23000000.0
20260423,0127R0,43000000.0,2000000.0,-54000000.0
20260423,0127T0,-25000000.0,0.0,25000000.0
20260423,0127V0,-8000000.0,0.0,8000000.0
20260423,0128D0,6000000.0,0.0,-6000000.0
20260423,0131A0,-1000000.0,0.0,1000000.0
20260423,0131V0,-1440000000.0,192000000.0,1433000000.0
20260423,0131W0,7000000.0,0.0,-7000000.0
20260423,0132D0,-14000000.0,199000000.0,-185000000.0
20260423,0132H0,-585000000.0,412000000.0,173000000.0
20260423,0132K0,157000000.0,37000000.0,-176000000.0
20260423,0133E0,14000000.0,-30000000.0,16000000.0
20260423,0135Y0,-1000000.0,38000000.0,-37000000.0
20260423,0137V0,53000000.0,22000000.0,-76000000.0
20260423,0137W0,-101000000.0,1000000.0,99000000.0
20260423,0138D0,-23000000.0,18000000.0,5000000.0
20260423,0138T0,-14000000.0,45000000.0,-31000000.0
20260423,0138Y0,-19000000.0,10000000.0,9000000.0
20260423,0139F0,-3000000.0,0.0,3000000.0
20260423,0139P0,-399000000.0,10000000.0,373000000.0
20260423,0141S0,756000000.0,-121000000.0,-635000000.0
20260423,0141T0,0.0,0.0,0.0
20260423,0142D0,-160000000.0,584000000.0,-424000000.0
20260423,0144L0,-818000000.0,-51000000.0,884000000.0
20260423,0144M0,-82000000.0,-1000000.0,82000000.0
20260423,0148J0,-112000000.0,-297000000.0,435000000.0
20260423,0150K0,280000000.0,-125000000.0,-167000000.0
20260423,0151P0,2803000000.0,-161000000.0,-2622000000.0
20260423,0151S0,2266000000.0,-1000000.0,-2265000000.0
20260423,0152E0,-213000000.0,-17000000.0,225000000.0
20260423,0153K0,-2415000000.0,20000000.0,2395000000.0
20260423,0153P0,61000000.0,-44000000.0,-17000000.0
20260423,0153X0,143000000.0,-15000000.0,-128000000.0
20260423,0154F0,-277000000.0,192000000.0,86000000.0
20260423,0154H0,65000000.0,0.0,-65000000.0
20260423,0155M0,-507000000.0,37000000.0,499000000.0
20260423,0155N0,-136000000.0,79000000.0,74000000.0
20260423,0162L0,636000000.0,-19000000.0,-618000000.0
20260423,0162M0,0.0,0.0,0.0
20260423,0162Y0,-2747000000.0,-722000000.0,3492000000.0
20260423,0162Z0,3075000000.0,222000000.0,-3272000000.0
20260423,0163Y0,-11529000000.0,-541000000.0,11923000000.0
20260423,0164G0,194000000.0,12000000.0,-207000000.0
20260423,0166N0,787000000.0,0.0,-796000000.0
20260423,0166S0,1488000000.0,0.0,-1493000000.0
20260423,0166T0,0.0,-316000000.0,316000000.0
20260423,0167A0,61178000000.0,-850000000.0,-60035000000.0
20260423,0167B0,23568000000.0,423000000.0,-24098000000.0
20260423,0167Z0,2137000000.0,-23000000.0,-1710000000.0
20260423,0168K0,1275000000.0,-925000000.0,-297000000.0
20260423,0172V0,1035000000.0,10000000.0,-2080000000.0
20260423,0172Y0,276000000.0,-108000000.0,-161000000.0
20260423,0173Y0,2047000000.0,79000000.0,-1847000000.0
20260423,0174B0,1136000000.0,4000000.0,-1244000000.0
20260423,0174J0,-18000000.0,0.0,18000000.0
20260423,0174R0,75000000.0,0.0,-76000000.0
20260423,0176E0,398000000.0,0.0,-398000000.0
20260423,0176P0,102000000.0,1000000.0,-102000000.0
20260423,0177A0,1926000000.0,232000000.0,-2158000000.0
20260423,0177N0,6077000000.0,815000000.0,-6910000000.0
20260423,0177R0,26405000000.0,1402000000.0,-28910000000.0
20260423,0177X0,994000000.0,161000000.0,-1161000000.0
20260423,0180V0,-2073000000.0,14000000.0,1846000000.0
20260423,0181L0,2300000000.0,4000000.0,-2311000000.0
20260423,0182R0,5430000000.0,-29000000.0,-5367000000.0
20260423,0182S0,182000000.0,0.0,-183000000.0
20260423,0183J0,30210000000.0,-8574000000.0,-22563000000.0
20260423,0183V0,876000000.0,4000000.0,-880000000.0
20260423,0184E0,367000000.0,1000000.0,-368000000.0
20260423,069500,98072000000.0,-7050000000.0,-87570000000.0
20260423,069660,17000000.0,-261000000.0,244000000.0
20260423,091160,23647000000.0,-4502000000.0,-20317000000.0
20260423,091170,-261000000.0,-189000000.0,440000000.0
20260423,091180,-127000000.0,-190000000.0,-182000000.0
20260423,091220,-5000000.0,6000000.0,0.0
20260423,091230,2271000000.0,-1130000000.0,-1026000000.0
20260423,099140,-48000000.0,19000000.0,28000000.0
20260423,100910,-21000000.0,0.0,251000000.0
20260423,101280,53000000.0,0.0,-52000000.0
20260423,102110,28826000000.0,-6335000000.0,-24258000000.0
20260423,102780,1608000000.0,-144000000.0,106000000.0
20260423,102960,192000000.0,-41000000.0,-126000000.0
20260423,102970,1569000000.0,-1320000000.0,-445000000.0
20260423,104520,7000000.0,0.0,-7000000.0
20260423,104530,-44000000.0,10000000.0,23000000.0
20260423,105010,-165000000.0,0.0,165000000.0
20260423,105190,521000000.0,-189000000.0,-333000000.0
20260423,105780,33000000.0,-16000000.0,-24000000.0
20260423,108450,127000000.0,0.0,-117000000.0
20260423,108590,7000000.0,0.0,-7000000.0
20260423,114100,-4000000.0,-1000000.0,5000000.0
20260423,114260,210000000.0,-7000000.0,-203000000.0
20260423,114460,4000000.0,0.0,-4000000.0
20260423,114470,16000000.0,-42000000.0,1000000.0
20260423,114800,26679000000.0,2281000000.0,-30147000000.0
20260423,114820,-171000000.0,-75000000.0,246000000.0
20260423,117460,74000000.0,-104000000.0,25000000.0
20260423,117680,222000000.0,-7000000.0,-252000000.0
20260423,117690,7000000.0,0.0,-7000000.0
20260423,117700,1101000000.0,3000000.0,-1212000000.0
20260423,122090,1760000000.0,-135000000.0,-1644000000.0
20260423,122260,0.0,0.0,-10000000.0
20260423,122630,28442000000.0,15109000000.0,-35593000000.0
20260423,123310,-263000000.0,788000000.0,159000000.0
20260423,123320,3278000000.0,2862000000.0,-6247000000.0
20260423,130680,-928000000.0,0.0,929000000.0
20260423,130730,-84000000.0,0.0,84000000.0
20260423,131890,11000000.0,0.0,-11000000.0
20260423,132030,133000000.0,3000000.0,-299000000.0
20260423,133690,14371000000.0,-5140000000.0,-9578000000.0
20260423,136340,19000000.0,-17000000.0,-3000000.0
20260423,137610,113000000.0,0.0,-113000000.0
20260423,138230,-41000000.0,0.0,41000000.0
20260423,138520,350000000.0,1192000000.0,-1525000000.0
20260423,138530,284000000.0,-7000000.0,-266000000.0
20260423,138540,-1434000000.0,-418000000.0,1711000000.0
20260423,138910,-214000000.0,-9000000.0,223000000.0
20260423,138920,0.0,0.0,0.0
20260423,139220,-2285000000.0,752000000.0,1438000000.0
20260423,139230,912000000.0,-285000000.0,-664000000.0
20260423,139240,80000000.0,-3000000.0,-72000000.0
20260423,139250,-15000000.0,-150000000.0,301000000.0
20260423,139260,4011000000.0,-1334000000.0,-2777000000.0
20260423,139270,-70000000.0,-6000000.0,23000000.0
20260423,139280,-211000000.0,-2000000.0,213000000.0
20260423,139290,32000000.0,0.0,-31000000.0
20260423,139320,-180000000.0,224000000.0,-44000000.0
20260423,139660,0.0,0.0,0.0
20260423,140570,18000000.0,0.0,-18000000.0
20260423,140580,0.0,0.0,0.0
20260423,140700,-437000000.0,27000000.0,442000000.0
20260423,140710,-3000000.0,-5000000.0,8000000.0
20260423,140950,11000000.0,-15000000.0,4000000.0
20260423,143850,-68000000.0,0.0,68000000.0
20260423,143860,-293000000.0,431000000.0,-65000000.0
20260423,144600,2421000000.0,-2202000000.0,-277000000.0
20260423,145670,80000000.0,0.0,-80000000.0
20260423,145850,0.0,0.0,0.0
20260423,147970,187000000.0,-42000000.0,-146000000.0
20260423,148020,3484000000.0,441000000.0,-3906000000.0
20260423,148070,-186000000.0,-81000000.0,267000000.0
20260423,150460,-6000000.0,-1000000.0,8000000.0
20260423,152100,865000000.0,-1849000000.0,926000000.0
20260423,152380,433000000.0,-6000000.0,-432000000.0
20260423,152500,-57000000.0,-49000000.0,107000000.0
20260423,152870,16000000.0,-1000000.0,-15000000.0
20260423,153130,354000000.0,7000000.0,-351000000.0
20260423,153270,132000000.0,-30000000.0,-103000000.0
20260423,156080,29000000.0,0.0,-29000000.0
20260423,157450,102000000.0,0.0,-18000000.0
20260423,157490,17000000.0,197000000.0,-212000000.0
20260423,157500,2787000000.0,9000000.0,-4233000000.0
20260423,159800,13000000.0,0.0,-13000000.0
20260423,160580,-837000000.0,68000000.0,823000000.0
20260423,161510,3642000000.0,-61000000.0,-3387000000.0
20260423,166400,22000000.0,0.0,-22000000.0
20260423,167860,0.0,0.0,0.0
20260423,168580,7000000.0,-6000000.0,-1000000.0
20260423,169950,-3000000.0,3000000.0,0.0
20260423,174350,1000000.0,0.0,3000000.0
20260423,174360,16000000.0,0.0,-16000000.0
20260423,176950,0.0,0.0,0.0
20260423,181480,0.0,0.0,0.0
20260423,182480,-36000000.0,-3000000.0,38000000.0
20260423,182490,-8000000.0,0.0,8000000.0
20260423,183700,38000000.0,0.0,-38000000.0
20260423,183710,3000000.0,0.0,-3000000.0
20260423,185680,18000000.0,0.0,-50000000.0
20260423,189400,1000000.0,0.0,-1000000.0
20260423,190620,1000000.0,0.0,-1000000.0
20260423,192090,-257000000.0,-28000000.0,253000000.0
20260423,192720,-10000000.0,0.0,11000000.0
20260423,195920,1000000.0,0.0,-1000000.0
20260423,195930,4000000.0,0.0,-4000000.0
20260423,195970,-3000000.0,0.0,3000000.0
20260423,195980,-38000000.0,-4000000.0,42000000.0
20260423,196030,45000000.0,3000000.0,-59000000.0
20260423,196230,-1000000.0,0.0,1000000.0
20260423,200030,31000000.0,0.0,-170000000.0
20260423,200250,83000000.0,0.0,-82000000.0
20260423,203780,86000000.0,0.0,-86000000.0
20260423,204450,114000000.0,-112000000.0,24000000.0
20260423,204480,-89000000.0,3000000.0,86000000.0
20260423,205720,-6000000.0,0.0,6000000.0
20260423,210780,56000000.0,1000000.0,-105000000.0
20260423,211560,15000000.0,-1000000.0,-1000000.0
20260423,211900,94000000.0,-2000000.0,-79000000.0
20260423,213610,391000000.0,-9000000.0,-421000000.0
20260423,213630,28000000.0,0.0,-28000000.0
20260423,214980,687000000.0,0.0,-739000000.0
20260423,215620,0.0,0.0,0.0
20260423,217770,2102000000.0,5000000.0,-2353000000.0
20260423,217780,4000000.0,5000000.0,-9000000.0
20260423,218420,34000000.0,2000000.0,-36000000.0
20260423,219390,-31000000.0,75000000.0,-41000000.0
20260423,219480,-2000000.0,0.0,2000000.0
20260423,219900,-15000000.0,-6000000.0,21000000.0
20260423,220130,-6000000.0,0.0,6000000.0
20260423,223190,-5000000.0,-14000000.0,19000000.0
20260423,225030,68000000.0,0.0,533000000.0
20260423,225040,-239000000.0,-2000000.0,240000000.0
20260423,225050,6000000.0,0.0,-6000000.0
20260423,225060,-3000000.0,0.0,3000000.0
20260423,225130,29000000.0,5000000.0,-36000000.0
20260423,225800,-3000000.0,1000000.0,2000000.0
20260423,226380,1000000.0,0.0,-1000000.0
20260423,226490,1814000000.0,1824000000.0,-4067000000.0
20260423,226980,44000000.0,-10000000.0,-34000000.0
20260423,227540,57000000.0,24000000.0,-84000000.0
20260423,227550,-2000000.0,2000000.0,1000000.0
20260423,227560,1000000.0,0.0,4000000.0
20260423,227570,27000000.0,0.0,-24000000.0
20260423,227830,5000000.0,0.0,-5000000.0
20260423,228790,-1532000000.0,-468000000.0,1719000000.0
20260423,228800,103000000.0,-161000000.0,63000000.0
20260423,228810,210000000.0,-120000000.0,-96000000.0
20260423,228820,78000000.0,-2000000.0,-76000000.0
20260423,229200,-35325000000.0,5630000000.0,34503000000.0
20260423,229720,133000000.0,-18000000.0,-114000000.0
20260423,230480,3000000.0,0.0,-3000000.0
20260423,232080,-14342000000.0,1609000000.0,12918000000.0
20260423,233160,-378000000.0,2740000000.0,-2494000000.0
20260423,233740,-7153000000.0,838000000.0,6374000000.0
20260423,234310,0.0,0.0,0.0
20260423,236350,12000000.0,0.0,-13000000.0
20260423,237350,7153000000.0,-936000000.0,-6417000000.0
20260423,237370,47000000.0,-26000000.0,-21000000.0
20260423,237440,-5000000.0,0.0,5000000.0
20260423,238670,2000000.0,0.0,-2000000.0
20260423,238720,-67000000.0,0.0,67000000.0
20260423,239660,22000000.0,0.0,-22000000.0
20260423,241180,-169000000.0,157000000.0,54000000.0
20260423,241390,-8000000.0,1000000.0,6000000.0
20260423,243880,5410000000.0,-78000000.0,-5057000000.0
20260423,243890,-47000000.0,0.0,47000000.0
20260423,244580,1010000000.0,-35000000.0,-971000000.0
20260423,244620,37000000.0,2000000.0,-39000000.0
20260423,244660,15000000.0,0.0,-15000000.0
20260423,244670,7000000.0,0.0,-7000000.0
20260423,245340,-121000000.0,-23000000.0,144000000.0
20260423,245350,-25000000.0,7000000.0,25000000.0
20260423,245360,-29000000.0,24000000.0,5000000.0
20260423,245710,-363000000.0,-19000000.0,400000000.0
20260423,248270,-5000000.0,3000000.0,2000000.0
20260423,250730,-89000000.0,0.0,89000000.0
20260423,250780,-68000000.0,-27000000.0,94000000.0
20260423,251340,6796000000.0,1317000000.0,-9441000000.0
20260423,251350,29000000.0,-1000000.0,-76000000.0
20260423,251590,-4000000.0,0.0,4000000.0
20260423,251600,56000000.0,-2000000.0,-52000000.0
20260423,252000,73000000.0,0.0,-73000000.0
20260423,252400,-3000000.0,0.0,3000000.0
20260423,252410,37000000.0,0.0,-37000000.0
20260423,252420,83000000.0,4000000.0,-87000000.0
20260423,252650,56000000.0,-3000000.0,-52000000.0
20260423,252670,73654000000.0,-8732000000.0,-65949000000.0
20260423,252710,452000000.0,50000000.0,-520000000.0
20260423,253150,5000000.0,0.0,-5000000.0
20260423,253160,77000000.0,2000000.0,-79000000.0
20260423,253230,12000000.0,0.0,-12000000.0
20260423,253240,5000000.0,-4000000.0,-1000000.0
20260423,253250,12000000.0,0.0,-11000000.0
20260423,253280,26000000.0,14000000.0,-37000000.0
20260423,253290,0.0,4000000.0,-4000000.0
20260423,256440,137000000.0,-1000000.0,-135000000.0
20260423,256450,3000000.0,0.0,-3000000.0
20260423,256750,1000000.0,-10000000.0,4000000.0
20260423,261060,315000000.0,-112000000.0,-212000000.0
20260423,261070,-309000000.0,106000000.0,210000000.0
20260423,261110,12000000.0,0.0,-1000000.0
20260423,261120,-12000000.0,1000000.0,11000000.0
20260423,261140,-114000000.0,-2000000.0,143000000.0
20260423,261220,-4221000000.0,187000000.0,4071000000.0
20260423,261240,-181000000.0,-65000000.0,245000000.0
20260423,261250,-205000000.0,0.0,117000000.0
20260423,261260,831000000.0,0.0,-831000000.0
20260423,261270,-95000000.0,39000000.0,-29000000.0
20260423,261920,6000000.0,0.0,-6000000.0
20260423,265690,0.0,0.0,0.0
20260423,266160,-116000000.0,-108000000.0,219000000.0
20260423,266360,-27000000.0,-189000000.0,204000000.0
20260423,266370,135000000.0,861000000.0,-995000000.0
20260423,266390,4000000.0,0.0,11000000.0
20260423,266410,-37000000.0,0.0,18000000.0
20260423,266420,127000000.0,51000000.0,-212000000.0
20260423,266550,0.0,0.0,0.0
20260423,267440,-37000000.0,0.0,37000000.0
20260423,267450,0.0,0.0,0.0
20260423,267490,-5000000.0,0.0,5000000.0
20260423,267770,1236000000.0,770000000.0,-2041000000.0
20260423,269370,-4000000.0,0.0,4000000.0
20260423,269420,10000000.0,0.0,-11000000.0
20260423,269530,-10000000.0,0.0,10000000.0
20260423,269540,-22000000.0,5000000.0,12000000.0
20260423,270800,-7000000.0,0.0,8000000.0
20260423,270810,151000000.0,166000000.0,-317000000.0
20260423,271050,13988000000.0,-4000000.0,-14419000000.0
20260423,271060,279000000.0,-20000000.0,-341000000.0
20260423,272560,-26000000.0,-1000000.0,27000000.0
20260423,272570,-26000000.0,0.0,26000000.0
20260423,272580,530000000.0,11000000.0,-541000000.0
20260423,272910,31000000.0,0.0,-31000000.0
20260423,273130,8000000.0,-41000000.0,31000000.0
20260423,273140,26000000.0,0.0,-26000000.0
20260423,275280,33000000.0,-19000000.0,-13000000.0
20260423,275290,14000000.0,0.0,-13000000.0
20260423,275300,85000000.0,-24000000.0,-61000000.0
20260423,275750,-3000000.0,0.0,3000000.0
20260423,275980,-21000000.0,118000000.0,-97000000.0
20260423,276000,10000000.0,0.0,-10000000.0
20260423,276650,-12000000.0,0.0,12000000.0
20260423,276970,-56000000.0,-7000000.0,63000000.0
20260423,276990,81000000.0,0.0,-82000000.0
20260423,277540,-9000000.0,6000000.0,4000000.0
20260423,277630,1312000000.0,-223000000.0,-1109000000.0
20260423,277640,408000000.0,-54000000.0,-358000000.0
20260423,277650,15000000.0,-8000000.0,-7000000.0
20260423,278240,-29000000.0,0.0,29000000.0
20260423,278530,5395000000.0,-469000000.0,-4924000000.0
20260423,278540,200000000.0,-33000000.0,-167000000.0
20260423,278620,36000000.0,0.0,-36000000.0
20260423,279530,-330000000.0,408000000.0,-88000000.0
20260423,279540,5000000.0,0.0,-5000000.0
20260423,280320,-6000000.0,0.0,5000000.0
20260423,280920,-1000000.0,0.0,1000000.0
20260423,280930,-26000000.0,0.0,26000000.0
20260423,280940,-2000000.0,0.0,128000000.0
20260423,281990,-10000000.0,0.0,10000000.0
20260423,282000,0.0,0.0,0.0
20260423,283580,169000000.0,0.0,-224000000.0
20260423,284430,528000000.0,-249000000.0,-279000000.0
20260423,284980,10000000.0,1000000.0,-24000000.0
20260423,285690,0.0,0.0,0.0
20260423,287180,-41000000.0,-2000000.0,43000000.0
20260423,289040,0.0,0.0,0.0
20260423,289250,1000000.0,0.0,-1000000.0
20260423,289260,-4000000.0,0.0,4000000.0
20260423,289480,129000000.0,818000000.0,-948000000.0
20260423,289670,22000000.0,0.0,-22000000.0
20260423,290080,15000000.0,0.0,-15000000.0
20260423,290130,274000000.0,-99000000.0,-204000000.0
20260423,291130,-11000000.0,0.0,11000000.0
20260423,291620,7000000.0,0.0,-7000000.0
20260423,291630,79000000.0,0.0,-81000000.0
20260423,291680,0.0,0.0,0.0
20260423,291890,6000000.0,0.0,-6000000.0
20260423,292050,-83000000.0,1000000.0,82000000.0
20260423,292150,-2076000000.0,2083000000.0,-1591000000.0
20260423,292160,-8000000.0,-9000000.0,17000000.0
20260423,292190,-53000000.0,-32000000.0,85000000.0
20260423,292500,1000000.0,-32000000.0,31000000.0
20260423,292560,-96000000.0,-7000000.0,317000000.0
20260423,292770,0.0,0.0,0.0
20260423,293180,47000000.0,-562000000.0,515000000.0
20260423,294400,-70000000.0,17000000.0,67000000.0
20260423,295000,0.0,0.0,0.0
20260423,295020,0.0,0.0,0.0
20260423,295040,96000000.0,-20000000.0,-76000000.0
20260423,298340,0.0,-64000000.0,64000000.0
20260423,298770,839000000.0,-82000000.0,-757000000.0
20260423,300610,-5000000.0,8000000.0,-16000000.0
20260423,300640,26000000.0,0.0,-22000000.0
20260423,300950,47000000.0,23000000.0,-93000000.0
20260423,301400,-68000000.0,0.0,68000000.0
20260423,301410,5000000.0,0.0,-5000000.0
20260423,302190,75000000.0,0.0,-75000000.0
20260423,302450,135000000.0,-135000000.0,0.0
20260423,304660,-174000000.0,9000000.0,165000000.0
20260423,304670,-1000000.0,0.0,1000000.0
20260423,304760,82000000.0,0.0,-82000000.0
20260423,304770,60000000.0,0.0,-60000000.0
20260423,304780,-38000000.0,0.0,38000000.0
20260423,304940,-148000000.0,-2000000.0,150000000.0
20260423,305050,127000000.0,-41000000.0,-86000000.0
20260423,305080,301000000.0,-27000000.0,-269000000.0
20260423,305540,1875000000.0,32000000.0,-1966000000.0
20260423,305720,8081000000.0,1228000000.0,-9744000000.0
20260423,306520,0.0,0.0,0.0
20260423,306530,-16000000.0,0.0,16000000.0
20260423,306950,-491000000.0,2000000.0,489000000.0
20260423,307510,-66000000.0,0.0,69000000.0
20260423,307520,-1626000000.0,-937000000.0,1977000000.0
20260423,308620,214000000.0,-25000000.0,-190000000.0
20260423,309230,-114000000.0,3000000.0,211000000.0
20260423,310080,10000000.0,0.0,-10000000.0
20260423,310960,282000000.0,-56000000.0,-226000000.0
20260423,310970,623000000.0,13000000.0,-612000000.0
20260423,314250,-833000000.0,9000000.0,803000000.0
20260423,314700,8000000.0,0.0,-10000000.0
20260423,315270,10000000.0,0.0,-10000000.0
20260423,315930,-11000000.0,-114000000.0,97000000.0
20260423,315960,991000000.0,-283000000.0,-822000000.0
20260423,316300,5000000.0,0.0,-5000000.0
20260423,316670,-115000000.0,-3000000.0,244000000.0
20260423,319640,-18000000.0,-5000000.0,22000000.0
20260423,321410,0.0,0.0,0.0
20260423,322400,-1000000.0,4000000.0,9000000.0
20260423,322410,7000000.0,-1000000.0,-7000000.0
20260423,325010,22000000.0,-60000000.0,40000000.0
20260423,325020,128000000.0,-25000000.0,-116000000.0
20260423,326230,0.0,0.0,1000000.0
20260423,326240,7000000.0,-44000000.0,25000000.0
20260423,328370,0.0,0.0,0.0
20260423,329200,13897000000.0,-509000000.0,-12331000000.0
20260423,329650,-21000000.0,-30000000.0,51000000.0
20260423,329660,197000000.0,-30000000.0,-167000000.0
20260423,329670,20000000.0,-5000000.0,-14000000.0
20260423,329750,897000000.0,-156000000.0,-741000000.0
20260423,332500,111000000.0,3000000.0,-114000000.0
20260423,332610,7000000.0,0.0,-7000000.0
20260423,332620,9000000.0,0.0,-9000000.0
20260423,332930,3000000.0,-19000000.0,16000000.0
20260423,332940,1000000.0,0.0,-1000000.0
20260423,334690,31000000.0,0.0,-31000000.0
20260423,334700,-5000000.0,0.0,5000000.0
20260423,336160,5000000.0,-1000000.0,-5000000.0
20260423,337120,1000000.0,0.0,0.0
20260423,337140,331000000.0,-48000000.0,-283000000.0
20260423,337150,1000000.0,0.0,-1000000.0
20260423,337160,21000000.0,-39000000.0,-10000000.0
20260423,341850,-47000000.0,0.0,47000000.0
20260423,352540,-109000000.0,17000000.0,92000000.0
20260423,352560,-36000000.0,4000000.0,32000000.0
20260423,354240,16000000.0,0.0,-16000000.0
20260423,354350,110000000.0,0.0,-110000000.0
20260423,354500,-1210000000.0,-59000000.0,1551000000.0
20260423,356540,-5000000.0,2000000.0,3000000.0
20260423,357870,-720000000.0,-2000000.0,640000000.0
20260423,359210,62000000.0,-68000000.0,6000000.0
20260423,360140,116000000.0,-3000000.0,-113000000.0
20260423,360150,-2000000.0,26000000.0,-24000000.0
20260423,360200,1159000000.0,-290000000.0,-882000000.0
20260423,360750,24770000000.0,-1361000000.0,-24481000000.0
20260423,361580,247000000.0,-35000000.0,-213000000.0
20260423,363510,0.0,0.0,0.0
20260423,363570,3000000.0,-1000000.0,-2000000.0
20260423,363580,1004000000.0,-56000000.0,-952000000.0
20260423,364690,30000000.0,-10000000.0,-20000000.0
20260423,364960,-31000000.0,-9000000.0,80000000.0
20260423,364970,2688000000.0,299000000.0,-2946000000.0
20260423,364980,10544000000.0,2075000000.0,-12730000000.0
20260423,364990,-221000000.0,-20000000.0,232000000.0
20260423,365000,183000000.0,-17000000.0,-235000000.0
20260423,365040,18000000.0,-31000000.0,15000000.0
20260423,365780,72000000.0,-9000000.0,-64000000.0
20260423,367380,2101000000.0,-844000000.0,-1260000000.0
20260423,367740,42000000.0,5000000.0,-50000000.0
20260423,367760,2632000000.0,-2042000000.0,-598000000.0
20260423,367770,-42000000.0,102000000.0,-60000000.0
20260423,368190,4000000.0,0.0,2000000.0
20260423,368590,387000000.0,-3000000.0,-386000000.0
20260423,368680,-8000000.0,0.0,8000000.0
20260423,371150,-10000000.0,31000000.0,-22000000.0
20260423,371160,793000000.0,1571000000.0,-2299000000.0
20260423,371450,-70000000.0,-16000000.0,86000000.0
20260423,371460,-1501000000.0,2000000000.0,-853000000.0
20260423,371470,-29000000.0,4000000.0,37000000.0
20260423,371870,-28000000.0,4000000.0,25000000.0
20260423,372330,129000000.0,-54000000.0,-75000000.0
20260423,373490,81000000.0,0.0,-81000000.0
20260423,373790,-3000000.0,0.0,3000000.0
20260423,375270,4000000.0,0.0,-4000000.0
20260423,375760,-5000000.0,0.0,-6000000.0
20260423,375770,-159000000.0,0.0,165000000.0
20260423,376410,-22000000.0,0.0,22000000.0
20260423,377990,1776000000.0,-220000000.0,-1563000000.0
20260423,379780,150000000.0,-80000000.0,-71000000.0
20260423,379790,21000000.0,1000000.0,-74000000.0
20260423,379800,11865000000.0,-487000000.0,-11577000000.0
20260423,379810,19626000000.0,713000000.0,-19509000000.0
20260423,380340,143000000.0,-2000000.0,-141000000.0
20260423,381170,-2665000000.0,2826000000.0,-134000000.0
20260423,381180,7396000000.0,-2574000000.0,-4802000000.0
20260423,381560,-40000000.0,-21000000.0,45000000.0
20260423,381570,204000000.0,3000000.0,-214000000.0
20260423,385510,696000000.0,-141000000.0,-721000000.0
20260423,385520,-4000000.0,-30000000.0,21000000.0
20260423,385540,-38000000.0,-6000000.0,44000000.0
20260423,385550,50000000.0,4000000.0,-54000000.0
20260423,385560,622000000.0,-42000000.0,-611000000.0
20260423,385590,5000000.0,0.0,-5000000.0
20260423,385600,-284000000.0,-9000000.0,275000000.0
20260423,385710,-52000000.0,0.0,52000000.0
20260423,385720,-2267000000.0,-122000000.0,2514000000.0
20260423,387270,-4000000.0,10000000.0,6000000.0
20260423,387280,88000000.0,-18000000.0,-83000000.0
20260423,388280,-74000000.0,1000000.0,45000000.0
20260423,388420,100000000.0,-163000000.0,79000000.0
20260423,390390,1891000000.0,133000000.0,-1990000000.0
20260423,390400,-25000000.0,0.0,25000000.0
20260423,391600,2000000.0,0.0,-2000000.0
20260423,391670,-1000000.0,0.0,1000000.0
20260423,394660,-65000000.0,-11000000.0,76000000.0
20260423,394670,-191000000.0,18000000.0,169000000.0
20260423,395150,25000000.0,0.0,-19000000.0
20260423,395160,7294000000.0,-1922000000.0,-5331000000.0
20260423,395170,-26000000.0,-26000000.0,52000000.0
20260423,395270,4774000000.0,-1602000000.0,-1357000000.0
20260423,395280,-1000000.0,0.0,6000000.0
20260423,395290,55000000.0,26000000.0,-108000000.0
20260423,395750,2000000.0,0.0,0.0
20260423,395760,0.0,0.0,0.0
20260423,396500,25834000000.0,-15179000000.0,-10248000000.0
20260423,396510,-14000000.0,28000000.0,-15000000.0
20260423,396520,-256000000.0,602000000.0,-269000000.0
20260423,397420,-2000000.0,0.0,2000000.0
20260423,399110,-45000000.0,0.0,45000000.0
20260423,399580,25000000.0,2000000.0,-27000000.0
20260423,400570,77000000.0,5000000.0,-57000000.0
20260423,400580,2000000.0,0.0,-2000000.0
20260423,400590,-20000000.0,0.0,20000000.0
20260423,400970,-164000000.0,0.0,169000000.0
20260423,401170,-29000000.0,0.0,29000000.0
20260423,401470,-207000000.0,-38000000.0,245000000.0
20260423,401590,-4000000.0,0.0,4000000.0
20260423,402460,-13000000.0,0.0,13000000.0
20260423,402970,171000000.0,-5000000.0,-201000000.0
20260423,403790,35000000.0,-1000000.0,-34000000.0
20260423,404120,349000000.0,-14000000.0,-359000000.0
20260423,404260,22000000.0,0.0,-22000000.0
20260423,404540,9000000.0,0.0,-9000000.0
20260423,404650,15000000.0,0.0,-10000000.0
20260423,407300,0.0,0.0,0.0
20260423,407310,-19000000.0,-1000000.0,20000000.0
20260423,407820,-7000000.0,0.0,7000000.0
20260423,407830,-32000000.0,4000000.0,29000000.0
20260423,409810,-191000000.0,0.0,797000000.0
20260423,409820,-1514000000.0,10000000.0,1536000000.0
20260423,410870,-142000000.0,0.0,138000000.0
20260423,411060,680000000.0,-46000000.0,-121000000.0
20260423,411420,112000000.0,13000000.0,-171000000.0
20260423,411540,-93000000.0,-33000000.0,127000000.0
20260423,411860,-6000000.0,0.0,4000000.0
20260423,412560,-24000000.0,0.0,24000000.0
20260423,412570,940000000.0,2670000000.0,-2689000000.0
20260423,412770,-8000000.0,1070000000.0,-1062000000.0
20260423,413220,-3000000.0,0.0,3000000.0
20260423,413930,10000000.0,0.0,-10000000.0
20260423,414270,-899000000.0,-1000000.0,900000000.0
20260423,414780,-130000000.0,197000000.0,-88000000.0
20260423,415340,10000000.0,210000000.0,-219000000.0
20260423,415760,-36000000.0,-522000000.0,558000000.0
20260423,415920,33000000.0,-8000000.0,-21000000.0
20260423,416090,-14000000.0,0.0,14000000.0
20260423,417450,-60000000.0,14000000.0,46000000.0
20260423,417630,31000000.0,-8000000.0,-16000000.0
20260423,418660,564000000.0,16000000.0,-608000000.0
20260423,418670,-101000000.0,14000000.0,85000000.0
20260423,419420,-12000000.0,0.0,12000000.0
20260423,419430,53000000.0,-3000000.0,-50000000.0
20260423,419650,227000000.0,-13000000.0,-217000000.0
20260423,419890,-1000000.0,0.0,1000000.0
20260423,421320,1391000000.0,321000000.0,-1797000000.0
20260423,422260,3000000.0,-2000000.0,-1000000.0
20260423,422420,912000000.0,1015000000.0,-1931000000.0
20260423,423160,5705000000.0,0.0,-5753000000.0
20260423,423170,156000000.0,-73000000.0,-83000000.0
20260423,423920,479000000.0,-10000000.0,307000000.0
20260423,424460,-5000000.0,0.0,4000000.0
20260423,426020,368000000.0,8000000.0,-341000000.0
20260423,426030,5417000000.0,78000000.0,-6133000000.0
20260423,426150,-8000000.0,0.0,8000000.0
20260423,427120,-61000000.0,1000000.0,60000000.0
20260423,428510,286000000.0,13000000.0,-303000000.0
20260423,428560,-82000000.0,0.0,82000000.0
20260423,429000,48000000.0,-6000000.0,-43000000.0
20260423,429010,8000000.0,0.0,-8000000.0
20260423,429740,-4000000.0,0.0,4000000.0
20260423,429760,15000000.0,0.0,-15000000.0
20260423,429980,-46000000.0,0.0,46000000.0
20260423,430500,0.0,0.0,0.0
20260423,432600,0.0,0.0,0.0
20260423,432840,46000000.0,0.0,-46000000.0
20260423,433220,20000000.0,0.0,-21000000.0
20260423,433250,0.0,0.0,0.0
20260423,433330,20000000.0,13000000.0,-34000000.0
20260423,433500,2009000000.0,155000000.0,-2103000000.0
20260423,433880,46000000.0,4000000.0,-50000000.0
20260423,433970,-38000000.0,0.0,38000000.0
20260423,433980,-11000000.0,0.0,11000000.0
20260423,434060,503000000.0,16000000.0,-509000000.0
20260423,434730,452000000.0,-299000000.0,68000000.0
20260423,434960,1000000.0,-38000000.0,37000000.0
20260423,435040,-1000000.0,0.0,1000000.0
20260423,435420,14000000.0,-4000000.0,-10000000.0
20260423,435530,2000000.0,0.0,-2000000.0
20260423,435540,-7000000.0,0.0,7000000.0
20260423,435550,2000000.0,0.0,-2000000.0
20260423,436140,0.0,20000000.0,-20000000.0
20260423,437070,-1000000.0,0.0,1000000.0
20260423,437080,32000000.0,25000000.0,-57000000.0
20260423,437350,-13000000.0,-23000000.0,36000000.0
20260423,437370,59000000.0,0.0,-59000000.0
20260423,438080,93000000.0,-9000000.0,-85000000.0
20260423,438100,-21000000.0,0.0,21000000.0
20260423,438320,365000000.0,-10000000.0,-356000000.0
20260423,438330,-533000000.0,74000000.0,344000000.0
20260423,438560,0.0,0.0,0.0
20260423,438570,5000000.0,0.0,-5000000.0
20260423,438740,0.0,0.0,0.0
20260423,438900,-305000000.0,-8000000.0,315000000.0
20260423,439860,3000000.0,1000000.0,-4000000.0
20260423,439870,113000000.0,-10000000.0,-107000000.0
20260423,440340,-2000000.0,-3000000.0,5000000.0
20260423,440640,38000000.0,0.0,-38000000.0
20260423,440650,1000000.0,-14000000.0,12000000.0
20260423,440910,37000000.0,0.0,-37000000.0
20260423,441540,212000000.0,-109000000.0,-102000000.0
20260423,441640,3507000000.0,37000000.0,-3626000000.0
20260423,441680,-272000000.0,0.0,285000000.0
20260423,441800,1461000000.0,474000000.0,-1918000000.0
20260423,442090,990000000.0,7000000.0,-997000000.0
20260423,442260,-9000000.0,-12000000.0,21000000.0
20260423,442320,-488000000.0,95000000.0,393000000.0
20260423,442550,12000000.0,0.0,-12000000.0
20260423,442560,90000000.0,0.0,-90000000.0
20260423,442570,176000000.0,-8000000.0,-168000000.0
20260423,442580,862000000.0,-616000000.0,-208000000.0
20260423,444200,602000000.0,-1163000000.0,506000000.0
20260423,444490,1000000.0,0.0,-1000000.0
20260423,445150,-32000000.0,4000000.0,-228000000.0
20260423,445290,402000000.0,-148000000.0,-97000000.0
20260423,445690,0.0,4000000.0,-4000000.0
20260423,445910,1000000.0,5000000.0,19000000.0
20260423,446690,4377000000.0,-20000000.0,-4366000000.0
20260423,446700,49000000.0,-1000000.0,-42000000.0
20260423,446720,359000000.0,1474000000.0,-1841000000.0
20260423,446770,1956000000.0,-180000000.0,-1717000000.0
20260423,447430,19000000.0,33000000.0,-52000000.0
20260423,447620,-10000000.0,0.0,11000000.0
20260423,447660,51000000.0,0.0,-51000000.0
20260423,447770,-66000000.0,1797000000.0,-1731000000.0
20260423,448100,39000000.0,-53000000.0,13000000.0
20260423,448290,-477000000.0,-21000000.0,496000000.0
20260423,448300,-98000000.0,35000000.0,60000000.0
20260423,448330,-617000000.0,-168000000.0,785000000.0
20260423,448490,1000000.0,-5000000.0,3000000.0
20260423,448540,-5000000.0,0.0,5000000.0
20260423,448570,-1000000.0,0.0,1000000.0
20260423,448630,158000000.0,-10000000.0,-148000000.0
20260423,449170,84000000.0,-39000000.0,-151000000.0
20260423,449180,36000000.0,-676000000.0,485000000.0
20260423,449190,-805000000.0,-411000000.0,997000000.0
20260423,449450,11087000000.0,-1196000000.0,-10170000000.0
20260423,449580,33000000.0,7000000.0,-40000000.0
20260423,449680,0.0,0.0,0.0
20260423,449690,6000000.0,0.0,-6000000.0
20260423,449770,20000000.0,2000000.0,-22000000.0
20260423,449780,61000000.0,0.0,-61000000.0
20260423,450180,-2000000.0,0.0,2000000.0
20260423,450190,7000000.0,-3000000.0,-4000000.0
20260423,450910,-132000000.0,0.0,131000000.0
20260423,451000,0.0,1000000.0,-1000000.0
20260423,451060,731000000.0,-67000000.0,-684000000.0
20260423,451150,0.0,0.0,0.0
20260423,451530,-193000000.0,5000000.0,184000000.0
20260423,451540,43000000.0,0.0,-43000000.0
20260423,451600,2000000.0,0.0,-2000000.0
20260423,451670,30000000.0,0.0,-30000000.0
20260423,452250,-60000000.0,-4000000.0,64000000.0
20260423,452360,171000000.0,-1000000.0,-170000000.0
20260423,452440,0.0,0.0,0.0
20260423,453010,29000000.0,0.0,-29000000.0
20260423,453060,95000000.0,0.0,-95000000.0
20260423,453080,54000000.0,0.0,-54000000.0
20260423,453330,-6000000.0,7000000.0,-1000000.0
20260423,453630,42000000.0,2000000.0,-31000000.0
20260423,453640,63000000.0,1000000.0,-61000000.0
20260423,453650,121000000.0,-3000000.0,-119000000.0
20260423,453660,-384000000.0,0.0,384000000.0
20260423,453810,496000000.0,22000000.0,-510000000.0
20260423,453820,25000000.0,-4000000.0,-20000000.0
20260423,453850,-630000000.0,41000000.0,607000000.0
20260423,453870,42000000.0,17000000.0,-81000000.0
20260423,453950,87000000.0,180000000.0,-269000000.0
20260423,454180,-2000000.0,0.0,2000000.0
20260423,454320,78000000.0,-6000000.0,-77000000.0
20260423,454780,-3000000.0,-15000000.0,18000000.0
20260423,455030,449000000.0,-52000000.0,-452000000.0
20260423,455660,267000000.0,5000000.0,-272000000.0
20260423,455850,9731000000.0,-1465000000.0,-8374000000.0
20260423,455860,39000000.0,-1070000000.0,1032000000.0
20260423,455890,1555000000.0,0.0,-2837000000.0
20260423,455960,-1000000.0,0.0,1000000.0
20260423,456200,-6000000.0,0.0,6000000.0
20260423,456250,-33000000.0,-95000000.0,222000000.0
20260423,456600,8472000000.0,5179000000.0,-14372000000.0
20260423,456610,49000000.0,-10000000.0,-39000000.0
20260423,456680,-62000000.0,1000000.0,61000000.0
20260423,456880,425000000.0,-36000000.0,-623000000.0
20260423,457480,-9495000000.0,2338000000.0,6802000000.0
20260423,457690,-6000000.0,-4000000.0,10000000.0
20260423,457700,4000000.0,0.0,-4000000.0
20260423,457930,8000000.0,0.0,-8000000.0
20260423,457990,4777000000.0,-708000000.0,-4176000000.0
20260423,458030,-3000000.0,0.0,3000000.0
20260423,458210,5000000.0,0.0,-5000000.0
20260423,458250,-114000000.0,104000000.0,-53000000.0
20260423,458260,-232000000.0,0.0,-73000000.0
20260423,458730,3295000000.0,-4000000.0,-2841000000.0
20260423,458750,28000000.0,2109000000.0,-2137000000.0
20260423,458760,-121000000.0,2226000000.0,-2329000000.0
20260423,459560,-24000000.0,1000000.0,24000000.0
20260423,459580,-5315000000.0,-80000000.0,7515000000.0
20260423,459750,17000000.0,0.0,-17000000.0
20260423,459790,-3000000.0,0.0,3000000.0
20260423,460270,7000000.0,0.0,-7000000.0
20260423,460660,61000000.0,1000000.0,-62000000.0
20260423,460960,-7000000.0,0.0,4000000.0
20260423,461270,-31000000.0,0.0,31000000.0
20260423,461340,227000000.0,12000000.0,-239000000.0
20260423,461450,-308000000.0,-56000000.0,357000000.0
20260423,461460,2000000.0,-1000000.0,-1000000.0
20260423,461490,-167000000.0,-7000000.0,174000000.0
20260423,461500,0.0,0.0,0.0
20260423,461580,-115000000.0,-1000000.0,97000000.0
20260423,461600,-21000000.0,26000000.0,-5000000.0
20260423,461900,-2000000.0,2000000.0,0.0
20260423,461910,-3000000.0,-5000000.0,8000000.0
20260423,461950,-360000000.0,-942000000.0,1302000000.0
20260423,462010,-677000000.0,-473000000.0,1261000000.0
20260423,462330,3251000000.0,-5409000000.0,-199000000.0
20260423,462340,-3000000.0,0.0,3000000.0
20260423,462900,3471000000.0,-166000000.0,-3273000000.0
20260423,463050,-1913000000.0,149000000.0,1181000000.0
20260423,463250,12043000000.0,-1560000000.0,-10796000000.0
20260423,463290,-62000000.0,0.0,62000000.0
20260423,463300,-34000000.0,0.0,34000000.0
20260423,463640,44000000.0,0.0,-44000000.0
20260423,463680,51000000.0,0.0,-51000000.0
20260423,463690,-2000000.0,0.0,2000000.0
20260423,464240,-12000000.0,0.0,12000000.0
20260423,464310,-189000000.0,-33000000.0,222000000.0
20260423,464470,-28000000.0,-7000000.0,35000000.0
20260423,464600,-818000000.0,-13000000.0,815000000.0
20260423,464610,17000000.0,0.0,-17000000.0
20260423,464920,-107000000.0,-9000000.0,99000000.0
20260423,464930,-42000000.0,-21000000.0,63000000.0
20260423,465330,69000000.0,942000000.0,-1063000000.0
20260423,465350,-2054000000.0,2173000000.0,-118000000.0
20260423,465580,274000000.0,3000000.0,-1716000000.0
20260423,465610,-750000000.0,-22000000.0,777000000.0
20260423,465620,5000000.0,0.0,-5000000.0
20260423,465660,70000000.0,1000000.0,-71000000.0
20260423,465670,-21000000.0,0.0,21000000.0
20260423,465780,0.0,0.0,0.0
20260423,466810,-129000000.0,-11000000.0,140000000.0
20260423,466920,3295000000.0,942000000.0,-5011000000.0
20260423,466930,228000000.0,-411000000.0,40000000.0
20260423,466940,512000000.0,619000000.0,-1088000000.0
20260423,466950,612000000.0,-4000000.0,-608000000.0
20260423,468370,-11000000.0,-22000000.0,32000000.0
20260423,468380,64000000.0,-1000000.0,-63000000.0
20260423,468630,15000000.0,-20000000.0,-298000000.0
20260423,469050,25000000.0,-21000000.0,3000000.0
20260423,469060,194000000.0,-1000000.0,-193000000.0
20260423,469070,782000000.0,110000000.0,-936000000.0
20260423,469150,4668000000.0,-998000000.0,-3568000000.0
20260423,469160,-104000000.0,-4000000.0,108000000.0
20260423,469170,-2514000000.0,-83000000.0,2637000000.0
20260423,469530,-1000000.0,0.0,1000000.0
20260423,469790,-18000000.0,-7000000.0,25000000.0
20260423,469830,276000000.0,-3000000.0,-253000000.0
20260423,470310,-2000000.0,0.0,3000000.0
20260423,471040,177000000.0,-1000000.0,-181000000.0
20260423,471230,234000000.0,-43000000.0,-768000000.0
20260423,471460,45000000.0,-8000000.0,-37000000.0
20260423,471760,2181000000.0,-750000000.0,-1593000000.0
20260423,471780,4131000000.0,-83000000.0,-4846000000.0
20260423,471990,5234000000.0,307000000.0,-5597000000.0
20260423,472150,36571000000.0,878000000.0,-38044000000.0
20260423,472160,-290000000.0,0.0,-715000000.0
20260423,472170,-47000000.0,45000000.0,2000000.0
20260423,472720,-11000000.0,0.0,11000000.0
20260423,472830,9000000.0,-6000000.0,-2000000.0
20260423,472840,-1000000.0,0.0,1000000.0
20260423,472870,-248000000.0,0.0,248000000.0
20260423,472920,1000000.0,0.0,-1000000.0
20260423,473290,-35000000.0,0.0,35000000.0
20260423,473330,455000000.0,39000000.0,-512000000.0
20260423,473440,-3000000.0,5000000.0,-2000000.0
20260423,473460,-1082000000.0,2000000.0,1652000000.0
20260423,473490,18000000.0,0.0,-18000000.0
20260423,473590,-173000000.0,7000000.0,166000000.0
20260423,473640,-71000000.0,-155000000.0,226000000.0
20260423,474220,-967000000.0,-11000000.0,973000000.0
20260423,474390,8000000.0,0.0,-8000000.0
20260423,474590,171000000.0,-100000000.0,-194000000.0
20260423,474800,197000000.0,1000000.0,-197000000.0
20260423,474920,6000000.0,0.0,-6000000.0
20260423,475050,177000000.0,117000000.0,-307000000.0
20260423,475070,71000000.0,-13000000.0,-62000000.0
20260423,475080,512000000.0,-1000000.0,-517000000.0
20260423,475260,-7000000.0,0.0,7000000.0
20260423,475270,-8000000.0,0.0,8000000.0
20260423,475280,-7000000.0,0.0,7000000.0
20260423,475300,-1270000000.0,-87000000.0,1367000000.0
20260423,475310,460000000.0,-295000000.0,-192000000.0
20260423,475350,-91000000.0,-10000000.0,101000000.0
20260423,475380,-11000000.0,-4000000.0,14000000.0
20260423,475630,-353000000.0,0.0,410000000.0
20260423,475720,7201000000.0,-1414000000.0,-5868000000.0
20260423,476000,-2000000.0,0.0,2000000.0
20260423,476030,87000000.0,0.0,-87000000.0
20260423,476070,-36000000.0,22000000.0,14000000.0
20260423,476260,-1810000000.0,-121000000.0,2002000000.0
20260423,476310,-7000000.0,0.0,7000000.0
20260423,476450,9000000.0,0.0,-9000000.0
20260423,476550,-413000000.0,-153000000.0,573000000.0
20260423,476690,-55000000.0,-1000000.0,55000000.0
20260423,476750,-107000000.0,-8000000.0,116000000.0
20260423,476760,-58000000.0,-56000000.0,119000000.0
20260423,476800,20000000.0,-1240000000.0,2061000000.0
20260423,476850,509000000.0,-102000000.0,-428000000.0
20260423,477050,-337000000.0,0.0,337000000.0
20260423,477080,-434000000.0,0.0,439000000.0
20260423,477490,-2000000.0,0.0,2000000.0
20260423,477730,1000000.0,-7000000.0,6000000.0
20260423,478150,-1050000000.0,7000000.0,1390000000.0
20260423,479080,280000000.0,9000000.0,3809000000.0
20260423,479520,357000000.0,0.0,-357000000.0
20260423,479620,213000000.0,0.0,-214000000.0
20260423,479730,-5000000.0,-7000000.0,33000000.0
20260423,479850,-91000000.0,0.0,91000000.0
20260423,480020,-2533000000.0,-36000000.0,2566000000.0
20260423,480030,-507000000.0,0.0,507000000.0
20260423,480040,616000000.0,68000000.0,-687000000.0
20260423,480260,-71000000.0,0.0,71000000.0
20260423,480310,27000000.0,-3000000.0,-24000000.0
20260423,480460,9000000.0,0.0,-9000000.0
20260423,481050,-1954000000.0,0.0,1954000000.0
20260423,481060,227000000.0,-1000000.0,-1043000000.0
20260423,481180,-175000000.0,20000000.0,206000000.0
20260423,481190,276000000.0,1000000.0,-276000000.0
20260423,481340,-10000000.0,-25000000.0,35000000.0
20260423,481430,7000000.0,0.0,-7000000.0
20260423,482030,868000000.0,-1000000.0,-700000000.0
20260423,482730,741000000.0,-4000000.0,-806000000.0
20260423,483020,31000000.0,5000000.0,-35000000.0
20260423,483030,-6000000.0,0.0,6000000.0
20260423,483240,41000000.0,2000000.0,-43000000.0
20260423,483280,-1250000000.0,-28000000.0,1319000000.0
20260423,483290,542000000.0,-4000000.0,-533000000.0
20260423,483320,224000000.0,-5000000.0,-221000000.0
20260423,483330,-554000000.0,-3000000.0,557000000.0
20260423,483340,595000000.0,-135000000.0,-434000000.0
20260423,483420,-17000000.0,-6000000.0,22000000.0
20260423,483570,-25000000.0,0.0,25000000.0
20260423,484790,356000000.0,81000000.0,-436000000.0
20260423,484880,-2298000000.0,237000000.0,2137000000.0
20260423,484890,-104000000.0,0.0,104000000.0
20260423,485540,124000000.0,2000000.0,-125000000.0
20260423,485690,28000000.0,0.0,-27000000.0
20260423,485810,-144000000.0,0.0,144000000.0
20260423,486240,160000000.0,-13000000.0,-153000000.0
20260423,486290,2089000000.0,14299000000.0,-16727000000.0
20260423,486450,230000000.0,-31000000.0,-205000000.0
20260423,486830,-33000000.0,0.0,33000000.0
20260423,487130,677000000.0,-95000000.0,-580000000.0
20260423,487230,7095000000.0,4881000000.0,-12068000000.0
20260423,487240,28393000000.0,455000000.0,-29079000000.0
20260423,487340,-91000000.0,0.0,91000000.0
20260423,487750,61000000.0,-16000000.0,-34000000.0
20260423,487910,9000000.0,0.0,-9000000.0
20260423,487920,-21000000.0,0.0,21000000.0
20260423,487950,125000000.0,-5000000.0,-122000000.0
20260423,488080,-18536000000.0,-6923000000.0,34975000000.0
20260423,488200,11000000.0,3000000.0,-26000000.0
20260423,488210,21000000.0,0.0,-21000000.0
20260423,488290,1000000.0,0.0,-1000000.0
20260423,488480,30000000.0,0.0,-30000000.0
20260423,488500,-138000000.0,330000000.0,-192000000.0
20260423,488720,0.0,0.0,0.0
20260423,488770,14026000000.0,65000000.0,-14218000000.0
20260423,488980,-28000000.0,0.0,28000000.0
20260423,489000,170000000.0,-21000000.0,-149000000.0
20260423,489010,1000000.0,0.0,-1000000.0
20260423,489030,5864000000.0,1855000000.0,-7723000000.0
20260423,489250,-399000000.0,0.0,397000000.0
20260423,489290,-2000000.0,0.0,2000000.0
20260423,489860,91000000.0,0.0,-92000000.0
20260423,490090,-53000000.0,28000000.0,40000000.0
20260423,490330,-3000000.0,0.0,3000000.0
20260423,490480,709000000.0,-59000000.0,-650000000.0
20260423,490490,-117000000.0,-3000000.0,123000000.0
20260423,490590,3142000000.0,-47000000.0,-3285000000.0
20260423,490600,27000000.0,23000000.0,-49000000.0
20260423,491010,4010000000.0,-6000000.0,-4823000000.0
20260423,491090,91000000.0,0.0,-91000000.0
20260423,491220,-15000000.0,0.0,15000000.0
20260423,491230,-12000000.0,0.0,12000000.0
20260423,491510,-1000000.0,0.0,12000000.0
20260423,491610,-30000000.0,0.0,135000000.0
20260423,491620,1775000000.0,-22000000.0,-1985000000.0
20260423,491630,51000000.0,0.0,-51000000.0
20260423,491700,1000000.0,-29000000.0,29000000.0
20260423,491820,1827000000.0,127000000.0,-2156000000.0
20260423,491830,10000000.0,-3000000.0,-7000000.0
20260423,492500,-6000000.0,0.0,6000000.0
20260423,493420,-11000000.0,0.0,11000000.0
20260423,493810,-1285000000.0,1000000.0,1269000000.0
20260423,494180,-6000000.0,0.0,8000000.0
20260423,494210,9000000.0,0.0,-9000000.0
20260423,494220,-914000000.0,-236000000.0,1191000000.0
20260423,494300,4072000000.0,-13000000.0,-4762000000.0
20260423,494310,24240000000.0,-466000000.0,-23017000000.0
20260423,494330,-148000000.0,-41000000.0,175000000.0
20260423,494340,788000000.0,0.0,-788000000.0
20260423,494410,-16000000.0,4000000.0,12000000.0
20260423,494420,5000000.0,2000000.0,-8000000.0
20260423,494670,-200000000.0,73000000.0,-204000000.0
20260423,494840,29000000.0,-18000000.0,4000000.0
20260423,494890,802000000.0,-349000000.0,-534000000.0
20260423,495040,43000000.0,1000000.0,-47000000.0
20260423,495050,1028000000.0,-310000000.0,-734000000.0
20260423,495060,894000000.0,-152000000.0,-716000000.0
20260423,495230,189000000.0,-236000000.0,8000000.0
20260423,495330,112000000.0,-48000000.0,-127000000.0
20260423,495550,798000000.0,-35000000.0,-794000000.0
20260423,495710,4000000.0,0.0,-4000000.0
20260423,495750,-26000000.0,0.0,26000000.0
20260423,495850,1288000000.0,407000000.0,-2188000000.0
20260423,495940,248000000.0,0.0,-249000000.0
20260423,496020,-25000000.0,0.0,25000000.0
20260423,496080,650000000.0,-35000000.0,-966000000.0
20260423,496090,3000000.0,-23000000.0,20000000.0
20260423,496120,21000000.0,-15000000.0,-6000000.0
20260423,496130,-1000000.0,0.0,1000000.0
20260423,496770,-50000000.0,-2000000.0,-119000000.0
20260423,497510,-1000000.0,0.0,1000000.0
20260423,497520,-5000000.0,0.0,5000000.0
20260423,497570,1183000000.0,2000000.0,-1565000000.0
20260423,497780,271000000.0,2000000.0,-274000000.0
20260423,497880,-202000000.0,0.0,311000000.0
20260423,498050,-25000000.0,0.0,23000000.0
20260423,498180,0.0,0.0,0.0
20260423,498270,-613000000.0,-11000000.0,624000000.0
20260423,498400,9142000000.0,-3609000000.0,-4300000000.0
20260423,498410,4358000000.0,324000000.0,-4761000000.0
20260423,498610,13000000.0,0.0,-13000000.0
20260423,498860,-174000000.0,28000000.0,147000000.0
20260423,499150,-16000000.0,0.0,16000000.0
20260423,499660,906000000.0,0.0,-906000000.0
